{"cameraMode":{"drawMode":0,"name":"Shaded","section":"Shading Mode"},"sceneLighting":false,"audioPlay":false,"sceneViewState":{"m_AlwaysRefresh":false,"showFog":true,"showSkybox":false,"showFlares":true,"showImageEffects":true,"showParticleSystems":true,"showVisualEffectGraphs":true,"m_FxEnabled":true},"in2DMode":false,"pivot":{"x":1.5434579849243165,"y":0.46544885635375979,"z":-0.1337508112192154},"rotation":{"x":0.48663797974586489,"y":0.5125710964202881,"z":-0.5197116136550903,"w":0.47996342182159426},"size":1.3449110984802247,"orthographic":false}