{"cameraMode":{"drawMode":0,"name":"Shaded","section":"Shading Mode"},"sceneLighting":false,"audioPlay":false,"sceneViewState":{"m_AlwaysRefresh":false,"showFog":true,"showSkybox":false,"showFlares":true,"showImageEffects":true,"showParticleSystems":true,"showVisualEffectGraphs":true,"m_FxEnabled":true},"in2DMode":false,"pivot":{"x":0.34882599115371706,"y":2.969933032989502,"z":0.17469920217990876},"rotation":{"x":0.05925501883029938,"y":-0.9331369400024414,"z":0.3058941066265106,"w":0.1801135241985321},"size":1.932092308998108,"orthographic":false}