{"cameraMode":{"drawMode":0,"name":"Shaded","section":"Shading Mode"},"sceneLighting":true,"audioPlay":false,"sceneViewState":{"m_AlwaysRefresh":false,"showFog":true,"showSkybox":true,"showFlares":true,"showImageEffects":true,"showParticleSystems":true,"showVisualEffectGraphs":true,"m_FxEnabled":true},"in2DMode":false,"pivot":{"x":217.19912719726563,"y":-151.8059539794922,"z":29.136165618896486},"rotation":{"x":-0.21902170777320863,"y":-0.6286926865577698,"z":0.19084863364696504,"w":-0.7213836908340454},"size":138.64358520507813,"orthographic":false}