{"cameraMode":{"drawMode":0,"name":"Shaded","section":"Shading Mode"},"sceneLighting":true,"audioPlay":false,"sceneViewState":{"m_AlwaysRefresh":false,"showFog":true,"showSkybox":true,"showFlares":true,"showImageEffects":true,"showParticleSystems":true,"showVisualEffectGraphs":true,"m_FxEnabled":true},"in2DMode":false,"pivot":{"x":-16.801115036010743,"y":4.749127388000488,"z":-20.012792587280275},"rotation":{"x":-0.21987992525100709,"y":0.05162588879466057,"z":-0.01173832081258297,"w":-0.9741450548171997},"size":12.539265632629395,"orthographic":false}